nodeId,stationName,lineName,travelMinutes,lng,lat
26,판교,경강선,0,127.11144319589552,37.39478218191577
824,판교,신분당선,0,127.11115660285478,37.39456947025172
898,성남,경강선,2,127.11939278676086,37.39474732415628
825,정자,신분당선,3.3,127.10853330157944,37.36731490403886
27,이매,경강선,4,127.12731612795025,37.394712048440546
826,미금,신분당선,5.966667,127.10882039582211,37.350043730204725
823,청계산입구,신분당선,6.55,127.05481605824002,37.448208355455385
827,동천,신분당선,8.6,127.10282103853412,37.33792959003132
28,삼동,경강선,9,127.20342545155974,37.408720901714815
798,이매,분당선,9.5,127.12828907263011,37.39642775541209
822,양재시민의숲,신분당선,9.55,127.03847630891948,37.470130796153555
795,정자,분당선,9.8,127.10805027517874,37.366370152927516
840,성남,GTX_A,10,127.12086379733869,37.39508384285294
797,서현,분당선,11.333333,127.12345491196909,37.38502792700807
828,수지구청,신분당선,11.5,127.09476727916179,37.32255214257053
821,양재,신분당선,11.733333,127.03491881007974,37.483707202554456
799,야탑,분당선,12,127.12868520179039,37.41180416352642
794,미금,분당선,12.3,127.10901849475744,37.35005408399885
796,수내,분당선,12.3,127.11435203198641,37.37845478546335
820,강남,신분당선,13.866667,127.02829567320644,37.49661485108958
29,경기광주,경강선,14,127.25322304647938,37.39897470821774
829,성복,신분당선,14.033333,127.08034168829445,37.31342955195196
793,오리,분당선,14.3,127.1089653267135,37.33986223006651
800,모란,분당선,15,127.12906689217004,37.432299307382586
819,신논현,신분당선,15.3,127.0246034538366,37.50426117404449
839,수서,GTX_A,15.85,127.10246845537694,37.486392416412166
841,구성,GTX_A,16.166667,127.10447748156407,37.299246907412225
818,논현,신분당선,16.583333,127.02148163870044,37.5107948116954
801,태평,분당선,17,127.12780338697468,37.4397579701397
830,상현,신분당선,17.05,127.06933533255231,37.29774945722412
792,죽전,분당선,17.633333,127.10756652082293,37.32470333266271
508,양재,서울3호선,17.733333,127.0338695771307,37.48458004712426
817,신사,신분당선,17.766667,127.01938995736657,37.51660518723846
30,초월,경강선,18,127.29988324527159,37.37339127196922
802,가천대,분당선,19,127.12669116703219,37.44886491716168
507,남부터미널,서울3호선,20.233333,127.01630214150559,37.48500070905941
509,매봉,서울3호선,20.233333,127.04677618667323,37.48696948538969
831,광교중앙,신분당선,20.316667,127.05164498562326,37.2884501592719
718,모란,서울8호선,20.5,127.12979700679931,37.434013806321964
791,보정,분당선,20.633333,127.10834005272706,37.31279826193464
445,강남,서울2호선,20.7,127.02806167769987,37.49811677955261
803,복정,분당선,22,127.12655548436801,37.47088919380632
694,논현,서울7호선,22.083333,127.021853180708,37.51126113697782
446,역삼,서울2호선,22.2,127.03636840669158,37.50063961417192
506,교대,서울3호선,22.233333,127.0138279671102,37.49296656096792
510,도곡,서울3호선,22.233333,127.0555675006598,37.491048742482185
842,동탄,GTX_A,22.316667,127.0962534758153,37.200156519373536
719,수진,서울8호선,22.5,127.14085740225366,37.43749374732599
444,교대,서울2호선,22.7,127.0145212219361,37.49391874143159
790,구성,분당선,22.966667,127.10567039677503,37.29897873981181
31,곤지암,경강선,23,127.34625353575343,37.35053613625162
766,신논현,서울9호선,23.133333,127.02584213308398,37.5049205564883
693,반포,서울7호선,23.583333,127.01147731905735,37.50812717016541
511,대치,서울3호선,23.733333,127.06288260206013,37.49438321809049
832,광교,신분당선,23.9,127.04436155242843,37.302062058277194
695,학동,서울7호선,23.916667,127.03181201807583,37.51434017199306
720,신흥,서울8호선,24,127.14760299428023,37.440910752121255
879,신논현,서울9호선급행,24.133333,127.02576262558543,37.50508932731812
443,서초,서울2호선,24.7,127.00770165990147,37.491811823574814
447,선릉,서울2호선,24.7,127.04884944742885,37.50447516204327
505,고속터미널,서울3호선,24.733333,127.00493444785855,37.50486906037078
503,신사,서울3호선,24.766667,127.02031497821802,37.51644325136979
515,수서,서울3호선,24.85,127.10209464890579,37.48744612229928
512,학여울,서울3호선,25.233333,127.07121516297254,37.49685981421995
789,신갈,분당선,25.3,127.1113292802862,37.28614017206379
765,사평,서울9호선,25.316667,127.0151631744664,37.50422483239932
721,단대오거리,서울8호선,25.5,127.15672440797955,37.44508841834457
696,강남구청,서울7호선,25.583333,127.0410971937261,37.5171658604025
767,언주,서울9호선,25.683333,127.03388761609956,37.50732567260436
692,고속터미널,서울7호선,25.75,127.00509044776163,37.50343658308469
804,수서,분당선,25.85,127.10179180251572,37.487183508394914
724,복정,서울8호선,26.666667,127.12676817610887,37.470868178941465
448,삼성,서울2호선,26.7,127.06313210133392,37.508915301152705
504,잠원,서울3호선,26.733333,127.0115777959725,37.51297848809268
878,고속터미널,서울9호선급행,27.133333,127.00395600288556,37.50610053366641
722,남한산성입구,서울8호선,27.166667,127.16003270270654,37.45203498104027
442,방배,서울2호선,27.2,126.99759853941437,37.48147207698431
513,대청,서울3호선,27.233333,127.07965438746068,37.49351094157151
880,선정릉,서울9호선급행,27.233333,127.0440542026834,37.51050736146603
502,압구정,서울3호선,27.266667,127.02849480804664,37.52683240163011
514,일원,서울3호선,27.35,127.08425610480239,37.483892375613635
516,가락시장,서울3호선,27.35,127.11769949685181,37.49224072819765
768,선정릉,서울9호선,27.516667,127.04413239250458,37.510338197449975
697,청담,서울7호선,27.583333,127.05357716068204,37.519428891240395
808,도곡,분당선,27.733333,127.05528972002826,37.49126963926923
764,고속터미널,서울9호선,27.766667,127.00404071210666,37.505933374304796
788,기흥,분당선,27.8,127.11596117176872,37.27548895165585
32,신둔도예촌,경강선,28,127.40524573211431,37.315605515371374
725,장지,서울8호선,28.333333,127.12621866852548,37.47858602461259
735,남위례,서울8호선,28.5,127.13969234334893,37.46249121266242
449,종합운동장,서울2호선,28.7,127.0738741898419,37.51114024667451
691,내방,서울7호선,28.75,126.99366333702754,37.48767847349902
517,경찰병원,서울3호선,28.85,127.12438262870327,37.49583762756161
807,구룡,분당선,29.066667,127.05959630216212,37.48702793012337
809,한티,분당선,29.233333,127.05289869433383,37.496292233946704
763,신반포,서울9호선,29.416667,126.99611730898998,37.50349234382109
769,삼성중앙,서울9호선,29.583333,127.05332657895441,37.51303446510631
877,동작,서울9호선급행,29.716667,126.97859082781919,37.502936332057935
501,옥수,서울3호선,29.766667,127.01734970783959,37.541646501646156
723,산성,서울8호선,29.833333,127.1499895659972,37.45687166092399
726,문정,서울8호선,29.833333,127.12239054688452,37.485999588505464
805,대모산입구,분당선,29.85,127.07272520536556,37.49139885544521
881,봉은사,서울9호선급행,30.1,127.0601734237017,37.514427257649025
787,상갈,분당선,30.133333,127.1087702594018,37.26180717695745
441,사당,서울2호선,30.2,126.98145992891385,37.47655688046076
518,오금,서울3호선,30.35,127.12842533949964,37.50230020627933
698,뚝섬유원지,서울7호선,30.583333,127.06669338787944,37.53153233958963
450,잠실새내,서울2호선,30.7,127.08578361601805,37.51162337532623
806,개포동,분당선,30.9,127.06603356695186,37.48909188383677
690,이수,서울7호선,30.916667,126.98159125571313,37.48525347981365
810,선릉,분당선,31.033333,127.04887341969834,37.50484218769327
762,구반포,서울9호선,31.15,126.98746198997472,37.50147537502471
500,금호,서울3호선,31.266667,127.01581679193747,37.54824925934082
727,가락시장,서울8호선,31.333333,127.11815833405205,37.49313536324696
770,봉은사,서울9호선,31.4,127.06022236028825,37.5142512509896
812,강남구청,분당선,32.083333,127.04141846607048,37.516818175071926
699,건대입구,서울7호선,32.416667,127.07104527435243,37.540787120208606
882,종합운동장,서울9호선급행,32.633333,127.07610376624258,37.51175432363645
451,잠실,서울2호선,32.7,127.10041380810402,37.5133366015627
689,남성,서울7호선,32.75,126.97063352333238,37.48486445621787
499,약수,서울3호선,32.766667,127.01098427642751,37.55439350786292
811,선정릉,분당선,33.033333,127.043735554321,37.5106387912849
728,송파,서울8호선,33.166667,127.11245977050264,37.499453281817736
440,낙성대,서울2호선,33.2,126.9633714730419,37.477128579538125
761,동작,서울9호선,33.266667,126.97846610287309,37.50278592651394
166,기흥,용인경전철,33.3,127.11753466306267,37.275446605331936
786,청명,분당선,33.466667,127.0789575841608,37.25947839664072
771,종합운동장,서울9호선,33.666667,127.07598223383413,37.51160225275392
33,이천,경강선,34,127.44219049160138,37.264282030974286
876,노량진,서울9호선급행,34.133333,126.94090950679447,37.51374810573692
498,동대입구,서울3호선,34.266667,127.00581884359067,37.55909036634736
700,어린이대공원,서울7호선,34.416667,127.07460765080978,37.54797651986144
452,잠실나루,서울2호선,34.7,127.10378518773567,37.52071866422928
542,사당,서울4호선,34.7,126.98165285774415,37.47668573822636
729,석촌,서울8호선,34.833333,127.1072024211311,37.505234569854736
622,오금,서울5호선,34.85,127.12789900357716,37.502175504672856
167,강남대,용인경전철,35.033333,127.12604715514982,37.27014813638295
813,압구정로데오,분당선,35.083333,127.04055846245011,37.52734337097982
439,서울대입구,서울2호선,35.2,126.9527461218336,37.48126938801276
785,영통,분당선,35.3,127.07127163637459,37.251448264152614
688,숭실대입구,서울7호선,35.75,126.95386677948132,37.496018811223465
760,흑석,서울9호선,35.8,126.96348987575094,37.5091650981065
543,이수,서울4호선,36.25,126.98218414692923,37.4866819129001
701,군자,서울7호선,36.25,127.07940313207344,37.557012386873
497,충무로,서울3호선,36.266667,126.9941079964346,37.56139947047944
772,삼전,서울9호선,36.533333,127.08708656620719,37.504639986996615
544,동작,서울4호선,36.55,126.98029388425194,37.50313526273477
621,방이,서울5호선,36.683333,127.12602968587761,37.50863811844353
623,개롱,서울5호선,36.683333,127.13507764191463,37.49793804469948
438,봉천,서울2호선,36.7,126.94183169338719,37.482419659917305
168,지석,용인경전철,36.783333,127.13663911569527,37.269748151901375
883,석촌,서울9호선급행,36.8,127.10677442004423,37.50520387554385
814,서울숲,분당선,36.916667,127.04468169688805,37.54360242963025
730,잠실,서울8호선,37.166667,127.10320255466382,37.514227802371266
453,강변,서울2호선,37.2,127.0947560262475,37.5352127586193
541,남태령,서울4호선,37.2,126.98907757220772,37.46430177367908
875,여의도,서울9호선급행,37.383333,126.92455402440211,37.52158959075807
687,상도,서울7호선,37.416667,126.94787542522896,37.50291164320335
455,건대입구,서울2호선,37.583333,127.06916133687463,37.54039736656281
496,을지로3가,서울3호선,37.766667,126.99259461491604,37.56662272166245
759,노들,서울9호선,37.8,126.9531088296662,37.512698660837316
784,망포,분당선,37.8,127.0573640058352,37.245814814998205
34,부발,경강선,38,127.49035843730856,37.26030423134139
702,중곡,서울7호선,38.25,127.08437025699817,37.56605296105017
649,약수,서울6호선,38.266667,127.01019294689584,37.554013760965795
169,어정,용인경전철,38.3,127.1437690636977,37.27496736479221
347,노량진,서울1호선,38.466667,126.94212727274434,37.51403929133789
620,올림픽공원,서울5호선,38.516667,127.13097639480684,37.51635736455057
624,거여,서울5호선,38.516667,127.14376760607396,37.49333293435531
773,석촌고분,서울9호선,38.633333,127.09697063884457,37.50248404349023
437,신림,서울2호선,38.7,126.9296473680417,37.48426475767833
454,구의,서울2호선,38.7,127.0862247417597,37.53715481665681
758,노량진,서울9호선,38.8,126.94093021413612,37.51356859610538
731,몽촌토성,서울8호선,39,127.11286618903804,37.51782512393169
456,성수,서울2호선,39.083333,127.05638072816848,37.54448421832996
99,옥수,경의중앙선,39.266667,127.0185867229776,37.5403743443041
495,종로3가,서울3호선,39.266667,126.99182698976216,37.5716687202438
686,장승배기,서울7호선,39.416667,126.93935718612674,37.505069033513884
648,버티고개,서울6호선,39.766667,127.00691104815432,37.54790967736629
545,이촌,서울4호선,40.05,126.97437769380483,37.52241216709484
703,용마산,서울7호선,40.083333,127.08684287860366,37.573766288916445
650,청구,서울6호선,40.1,127.01384244854054,37.56041608611719
783,매탄권선,분당선,40.133333,127.04086144000519,37.25242918530788
540,선바위,서울4호선,40.2,127.00203740744016,37.45196671145504
815,왕십리,분당선,40.25,127.03858040056605,37.56196040259133
170,동백,용인경전철,40.266667,127.15271134830141,37.269129410829464
774,석촌,서울9호선,40.45,127.10690960060363,37.50505930875045
625,마천,서울5호선,40.516667,127.15282678886047,37.49499704089626
457,뚝섬,서울2호선,40.583333,127.04703599105132,37.5473444530958
619,둔촌동,서울5호선,40.683333,127.13621508958978,37.52766277122959
552,충무로,서울4호선,40.933333,126.99469388630308,37.56139337164911
346,대방,서울1호선,40.966667,126.92623406710486,37.5133483698036
757,샛강,서울9호선,41.05,126.92857047968481,37.517293054991526
874,당산,서울9호선급행,41.05,126.902466324419,37.53384922383786
884,올림픽공원,서울9호선급행,41.05,127.13105462314178,37.51633991834076
436,신대방,서울2호선,41.2,126.91364670737559,37.48771506988466
494,안국,서울3호선,41.266667,126.98533293693089,37.576442750720375
604,군자,서울5호선,41.416667,127.07978942893898,37.55705115942891
732,강동구청,서울8호선,41.5,127.1205230881743,37.53041250323172
704,사가정,서울7호선,41.583333,127.08850714914591,37.58097211223812
647,한강진,서울6호선,41.6,127.00176196884566,37.53967214815189
685,신대방삼거리,서울7호선,41.75,126.92827053743333,37.49973006158815
586,여의도,서울5호선,41.883333,126.92459047309863,37.52187648529448
651,신당,서울6호선,41.933333,127.01613939171753,37.56613394327701
349,용산,서울1호선,41.966667,126.96432105098854,37.52960468897794
756,여의도,서울9호선,42.05,126.92437714675651,37.52147712051884
171,초당,용인경전철,42.083333,127.15947848591688,37.26081086407165
539,경마공원,서울4호선,42.2,127.00794132540386,37.44391524695267
98,한남,경의중앙선,42.266667,127.00930523910256,37.529487486397066
100,응봉,경의중앙선,42.266667,127.03465062663128,37.5501726486635
551,명동,서울4호선,42.433333,126.98574103082794,37.56088522014015
345,신길,서울1호선,42.466667,126.91817592758282,37.51689070819467
775,송파나루,서울9호선,42.483333,127.11222006447059,37.51030427208916
546,신용산,서울4호선,42.55,126.96789823329631,37.529231386392546
458,한양대,서울2호선,42.583333,127.04362373849646,37.55548547037737
464,을지로3가,서울2호선,42.766667,126.9910443015022,37.56629631337946
608,강동,서울5호선,43.016667,127.13241463712437,37.53588915403585
886,성수,서울2호선,43.083333,127.05640483439983,37.54454029194622
782,수원시청,분당선,43.133333,127.03073907903122,37.261944303981316
435,구로디지털단지,서울2호선,43.2,126.90134510068359,37.4853026389804
705,면목,서울7호선,43.25,127.08749999489152,37.5887397099918
493,경복궁,서울3호선,43.266667,126.97351447221486,37.57580958905711
733,천호,서울8호선,43.333333,127.12322157745128,37.538017360102174
684,보라매,서울7호선,43.416667,126.92034734244736,37.4999176165529
553,동대문역사문화공원,서울4호선,43.433333,127.00788803473623,37.56506741473066
652,동묘앞,서울6호선,43.433333,127.01570276450394,37.572132307753456
603,장한평,서울5호선,43.583333,127.06358974503318,37.56159912471764
605,아차산,서울5호선,43.583333,127.08969907636653,37.55192170514021
646,이태원,서울6호선,43.6,126.99428965640911,37.53450039805834
587,여의나루,서울5호선,43.716667,126.9329458250847,37.52707871139832
353,종로3가,서울1호선,43.766667,126.99233795465818,37.570425347752746
585,신길,서울5호선,43.883333,126.91489053013655,37.51767870939144
550,회현,서울4호선,43.933333,126.9787618992552,37.55902192175472
755,국회의사당,서울9호선,43.983333,126.91744560355306,37.52849815032641
547,삼각지,서울4호선,44.05,126.97289696351694,37.53441317709764
201,신림,신림선,44.2,126.92962603522608,37.484811129617626
538,대공원,서울4호선,44.2,127.00653686551743,37.43572575371737
101,왕십리,경의중앙선,44.266667,127.03834664915074,37.56193672070951
463,을지로4가,서울2호선,44.266667,126.99764984161506,37.566626674163885
465,을지로입구,서울2호선,44.266667,126.98220699926492,37.56602408391536
348,남영,서울1호선,44.466667,126.97132962571818,37.54059055609324
459,왕십리,서울2호선,44.583333,127.03758032298498,37.561265875713445
776,한성백제,서울9호선,44.633333,127.11527498699265,37.51526192266898
885,중앙보훈병원,서울9호선급행,44.716667,127.14826627604758,37.528665428902215
597,청구,서울5호선,44.766667,127.01406824543665,37.56014464602058
778,올림픽공원,서울9호선,44.816667,127.13125496218146,37.51625605646414
706,상봉,서울7호선,44.916667,127.08571314404865,37.595737139295096
554,동대문,서울4호선,44.933333,127.00933705565537,37.57083797907694
594,종로3가,서울5호선,44.933333,126.99024566990154,37.57259780662603
344,영등포,서울1호선,44.966667,126.90744561446621,37.515659232420234
35,세종대왕릉,경강선,45,127.57050292506307,37.29366739046331
607,천호,서울5호선,45.016667,127.12396447570143,37.538500637421805
645,녹사평,서울6호선,45.1,126.98646417389271,37.53472691082226
609,길동,서울5호선,45.183333,127.14004175872209,37.53789287459892
434,대림,서울2호선,45.2,126.89491262980711,37.493413730516004
873,염창,서울9호선급행,45.216667,126.8749622945185,37.54716168877678
683,신풍,서울7호선,45.25,126.90977223355294,37.50012633786362
97,서빙고,경의중앙선,45.266667,126.98839897917318,37.51958109244649
653,창신,서울6호선,45.266667,127.01529141982512,37.57948029984715
781,매교,분당선,45.466667,127.01568721056431,37.26551025848763
200,당곡,신림선,45.65,126.92763562815304,37.490118580503605
734,암사,서울8호선,45.666667,127.12752631532125,37.55013385216643
584,영등포시장,서울5호선,45.716667,126.90511351400251,37.52269057657752
754,당산,서울9호선,45.716667,126.9023567546022,37.53369148410551
602,답십리,서울5호선,45.75,127.05259116240943,37.56695084975485
606,광나루,서울5호선,45.75,127.10363624600873,37.545260871802135
816,청량리,분당선,45.75,127.04875972294188,37.58054846319079
352,종각,서울1호선,45.766667,126.982955850426,37.57016455650105
354,종로5가,서울1호선,45.766667,127.00191050851747,37.57100470619648
492,독립문,서울3호선,45.766667,126.9579896188348,37.57428893805548
430,당산,서울2호선,45.883333,126.90261694589547,37.53479411348953
549,서울역,서울4호선,45.933333,126.9725798587494,37.552889041018354
195,대방,신림선,45.966667,126.92538142883673,37.51291155746233
202,서원,신림선,45.983333,126.93305769351016,37.478223766866854
548,숙대입구,서울4호선,46.05,126.97200212574523,37.545112610214495
588,마포,서울5호선,46.05,126.94591379139105,37.53960844051463
460,상왕십리,서울2호선,46.083333,127.02933321473817,37.564390820548745
471,용답,서울2호선,46.083333,127.05086030254466,37.56227214988865
537,과천,서울4호선,46.2,126.99674146651338,37.43291738178273
423,시청,서울2호선,46.266667,126.97576278093857,37.56376249397046
462,동대문역사문화공원,서울2호선,46.266667,127.00912068274076,37.565612228576214
172,삼가,용인경전철,46.383333,127.16813899810472,37.24212225387447
194,샛강,신림선,46.55,126.92923497998159,37.517179038160606
600,왕십리,서울5호선,46.75,127.03734963486585,37.562049452577206
596,동대문역사문화공원,서울5호선,46.766667,127.00562253405717,37.564679338348114
598,신금호,서울5호선,46.766667,127.02045619314652,37.55448097674334
654,보문,서울6호선,46.766667,127.01968773941685,37.58544175366165
610,굽은다리,서울5호선,46.85,127.14284079165738,37.545432498032284
199,보라매병원,신림선,47.016667,126.92346980974537,37.492975380760655
593,광화문,서울5호선,47.1,126.9762752206268,37.5716380935469
595,을지로4가,서울5호선,47.1,126.99808964235947,37.56722384870457
777,둔촌오륜,서울9호선,47.15,127.13951062486167,37.518923227645246
707,중화,서울7호선,47.25,127.07936125009704,37.602285109902006
644,삼각지,서울6호선,47.266667,126.97423441661675,37.53551447052934
555,혜화,서울4호선,47.433333,127.00191835595663,37.58212081591027
343,신도림,서울1호선,47.466667,126.89142171185813,37.508943699597765
350,서울역,서울1호선,47.466667,126.97205498738727,37.55599100229629
780,수원,분당선,47.466667,127.00059566971223,37.266442680041386
583,영등포구청,서울5호선,47.55,126.89540693655124,37.52419188727966
461,신당,서울2호선,47.583333,127.01968796261629,37.56568075110923
196,서울지방병무청,신림선,47.666667,126.92279671048001,37.50619800611216
589,공덕,서울5호선,47.716667,126.9515833956623,37.54470897326544
601,마장,서울5호선,47.75,127.04302768358835,37.5661764289573
682,대림,서울7호선,47.75,126.89668094558226,37.492835091319854
355,동대문,서울1호선,47.766667,127.01077039000796,37.571669381552304
356,동묘앞,서울1호선,47.766667,127.01638399443921,37.57322147627274
491,무악재,서울3호선,47.766667,126.95021687156621,37.582615528017996
753,선유도,서울9호선,47.816667,126.89345483013855,37.53804675795846
431,영등포구청,서울2호선,47.883333,126.89664443529787,37.52579535365977
197,보라매,신림선,47.916667,126.920464142943,37.50043249354521
736,암사역사공원,서울8호선,48.05,127.1383368701046,37.55730179167237
472,신답,서울2호선,48.083333,127.04706944994531,37.56984395489578
173,시청_용인대,용인경전철,48.116667,127.1788868118724,37.239439764606566
203,서울대벤처타운,신림선,48.2,126.93366597352362,37.47230261081729
433,신도림,서울2호선,48.2,126.8914426985193,37.508512745116185
536,정부과천청사,서울4호선,48.2,126.98989918923233,37.42649426149006
599,행당,서울5호선,48.25,127.02949243020419,37.557350356449874
96,이촌,경의중앙선,48.266667,126.97369624297455,37.52234409069938
102,청량리,경의중앙선,48.266667,127.04849116980269,37.58068049315112
351,시청,서울1호선,48.266667,126.9772040633425,37.56557568030012
424,충정로,서울2호선,48.266667,126.96455152782553,37.55978849820035
198,보라매공원,신림선,48.366667,126.91835147318744,37.49484403914921
655,안암,서울6호선,48.433333,127.02929395773253,37.5863062738596
611,명일,서울5호선,48.516667,127.1440279234917,37.551293131001216
429,합정,서울2호선,48.883333,126.91445817881906,37.54996227477751
582,양평_5호선,서울5호선,49.05,126.88648056471557,37.52556503730169
872,가양,서울9호선급행,49.05,126.8544312699492,37.56163536897295
708,먹골,서울7호선,49.083333,127.07778617847123,37.610485250024645
592,서대문,서울5호선,49.1,126.96661225423095,37.565725362966354
643,효창공원앞,서울6호선,49.266667,126.96134445964933,37.539278690543526
432,문래,서울2호선,49.383333,126.8948748555422,37.518260755852666
779,중앙보훈병원,서울9호선,49.383333,127.14848157270966,37.52860977620455
556,한성대입구,서울4호선,49.433333,127.00617856974323,37.58849271957477
342,구로,서울1호선,49.466667,126.88231503887692,37.50335353704898
590,애오개,서울5호선,49.716667,126.9566727086522,37.55341644480951
681,남구로,서울7호선,49.75,126.88749291679697,37.48637678986405
357,신설동,서울1호선,49.766667,127.02450627352647,37.57600288625438
490,홍제,서울3호선,49.766667,126.94406885541066,37.588796505512455
174,명지대,용인경전철,49.85,127.19027904709888,37.238080811511885
751,염창,서울9호선,49.883333,126.87498009352137,37.546981979865684
752,신목동,서울9호선,49.933333,126.88298686255312,37.54446978416588
36,여주,경강선,50,127.62840594382149,37.28283791250945
473,용두,서울2호선,50.083333,127.03813603839771,37.57410031842874
656,고려대,서울6호선,50.1,127.0362946303764,37.590429246888824
425,아현,서울2호선,50.266667,126.95620551114132,37.55735678864767
95,용산,경의중앙선,50.3,126.96473169613765,37.529577554426844
204,관악산,신림선,50.55,126.94549473876646,37.468971799089914
591,충정로,서울5호선,50.6,126.96314124767297,37.56057815467224
612,고덕,서울5호선,50.683333,127.15418692922734,37.555035683940886
709,태릉입구,서울7호선,50.75,127.07534622117456,37.61854871377953
428,홍대입구,서울2호선,50.883333,126.92388306336497,37.55690592242897
581,오목교,서울5호선,50.883333,126.8753826483211,37.52451070152889
103,회기,경의중앙선,51.266667,127.05817690680095,37.58969117643179
642,공덕,서울6호선,51.266667,126.95187542572617,37.543538926785246
25,고색,수인선,51.333333,126.98080027365933,37.249903391786866
359,청량리,서울1호선,51.416667,127.04503311544889,37.580102747013676
182,보문,우이신설경전철,51.433333,127.01953404635903,37.585078336625045
557,성신여대입구,서울4호선,51.433333,127.01697872535821,37.59292658855122
470,신도림,서울2호선,51.466667,126.89135209736028,37.508482578746765
175,김량장,용인경전철,51.566667,127.19868094829054,37.23730208644377
680,가산디지털단지,서울7호선,51.583333,126.88248763702191,37.48040253605493
535,인덕원,서울4호선,51.7,126.9766831289701,37.40152443189371
358,제기동,서울1호선,51.766667,127.03444274006958,37.57815380758885
426,이대,서울2호선,51.766667,126.94590072885495,37.556748942205715
750,등촌,서울9호선,51.833333,126.86550156090728,37.55075581457467
474,신설동,서울2호선,52.083333,127.02491914432683,37.57478114111918
710,공릉,서울7호선,52.25,127.07301575099794,37.625608525398
489,녹번,서울3호선,52.266667,126.93586815232014,37.60076080621573
657,월곡,서울6호선,52.266667,127.04131336263657,37.601619462924056
341,구일,서울1호선,52.466667,126.86981693840855,37.496242911793544
407,수원,서울1호선,52.466667,126.99999990232966,37.26571744638561
580,목동,서울5호선,52.716667,126.86443578150646,37.526155260627085
613,상일동,서울5호선,52.85,127.16566050187811,37.55664771393591
871,마곡나루,서울9호선급행,52.966667,126.82733494276691,37.566874886870906
641,대흥,서울6호선,53.1,126.94246069813816,37.54764706476496
176,운동장_송담대,용인경전철,53.133333,127.20904623986837,37.23790104663041
427,신촌,서울2호선,53.266667,126.93680339463694,37.555191688674775
94,효창공원앞,경의중앙선,53.3,126.96281899756076,37.53860464456577
183,성신여대입구,우이신설경전철,53.316667,127.01653848733218,37.59243308481831
737,장자호수공원,서울8호선,53.316667,127.13794890715565,37.58767364990827
469,도림천,서울2호선,53.466667,126.88264545062373,37.514487452876146
181,신설동,우이신설경전철,53.483333,127.02319449821809,37.57641801040539
748,가양,서울9호선,53.716667,126.854303019782,37.56148680626476
749,증미,서울9호선,53.8,126.86067178777202,37.558090125876944
24,오목천,수인선,53.916667,126.96353008424018,37.2431000443475
558,길음,서울4호선,53.933333,127.02515133072453,37.603424972807424
658,상월곡,서울6호선,53.933333,127.04911570153688,37.60669614229234
679,철산,서울7호선,54.083333,126.86799912370765,37.47612095481767
534,평촌,서울4호선,54.2,126.96363713357556,37.39420295110889
579,신정,서울5호선,54.216667,126.85620191335539,37.52504354734238
711,하계,서울7호선,54.25,127.0680023133773,37.636465980935455
104,중랑,경의중앙선,54.266667,127.07606632960596,37.59489448479159
488,불광,서울3호선,54.266667,126.93035703948473,37.60997490765768
105,상봉,경의중앙선,54.416667,127.0851919476268,37.59671178171472
360,회기,서울1호선,54.416667,127.05815611692901,37.58988954795909
340,개봉,서울1호선,54.466667,126.8586082355438,37.49469923953538
614,강일,서울5호선,54.55,127.17572136499601,37.557462846209035
638,합정,서울6호선,54.55,126.91337075897056,37.54932592537539
177,고진,용인경전철,54.7,127.21418605747778,37.24465069542098
420,가산디지털단지,서울1호선,54.966667,126.8826112689479,37.48157033885179
640,광흥창,서울6호선,55.1,126.93194527061114,37.547438145098894
93,공덕,경의중앙선,55.3,126.95215967146095,37.54273218618415
184,정릉,우이신설경전철,55.416667,127.01354292180284,37.60258107059848
659,돌곶이,서울6호선,55.433333,127.05645378899537,37.610556027995244
408,화서,서울1호선,55.466667,126.98959928767621,37.28397119370198
320,공덕,공항철도,55.716667,126.95205478825476,37.54255858636423
712,중계,서울7호선,55.916667,127.06396503011925,37.645439969795156
661,태릉입구,서울6호선,56.083333,127.07476412074254,37.61733110346816
738,구리,서울8호선,56.116667,127.14101552908181,37.601654562313826
533,범계,서울4호선,56.2,126.95070808487887,37.389767760473866
487,연신내,서울3호선,56.266667,126.92109402636089,37.61928094369407
747,양천향교,서울9호선,56.283333,126.8420157775171,37.56805245046624
578,까치산,서울5호선,56.383333,126.84651361784616,37.53210052233123
637,망원,서울6호선,56.383333,126.91026666775417,37.55586324966307
639,상수,서울6호선,56.383333,126.92248528569012,37.54774106782856
106,망우,경의중앙선,56.416667,127.09232878145163,37.59927646084408
361,외대앞,서울1호선,56.416667,127.06375491007906,37.59657323790454
678,광명사거리,서울7호선,56.416667,126.85492120632496,37.47923673038737
559,미아사거리,서울4호선,56.433333,127.03014528792202,37.61330680765331
406,세류,서울1호선,56.466667,127.01384796955523,37.24376319925443
468,양천구청,서울2호선,56.466667,126.86591341861687,37.512451192515734
837,서울역,GTX_A,56.933333,126.97008315962778,37.55549841523453
339,오류동,서울1호선,56.966667,126.84479949873905,37.49446122525611
870,김포공항,서울9호선급행,56.966667,126.80185933329786,37.56215435260769
615,미사,서울5호선,57.266667,127.19248513781459,37.56301637764626
92,서강대,경의중앙선,57.3,126.93523354466528,37.55233183205827
321,서울역,공항철도,57.433333,126.96970726119267,37.55330002448569
660,석계,서울6호선,57.433333,127.06619366992827,37.61503616885079
419,독산,서울1호선,57.466667,126.88943370369373,37.466051972080976
178,보평,용인경전철,57.6,127.21849922235091,37.258959448008945
746,마곡나루,서울9호선,57.633333,126.82731038538564,37.5666956902858
185,북한산보국문,우이신설경전철,57.7,127.0082013037159,37.61214082533004
713,노원,서울7호선,57.75,127.0605472338607,37.65455907475965
362,신이문,서울1호선,57.916667,127.06746352546598,37.60198063407909
662,화랑대,서울6호선,57.916667,127.0837918934522,37.61985113066094
577,화곡,서울5호선,58.216667,126.8404140019446,37.54165781085848
636,마포구청,서울6호선,58.216667,126.90330689680026,37.56363639749388
739,동구릉,서울8호선,58.233333,127.13794969798045,37.61238759691262
125,서울역,경의중앙선,58.466667,126.97132310033219,37.55680561965095
319,홍대입구,공항철도,58.716667,126.92695147389503,37.557317050855794
677,천왕,서울7호선,58.75,126.83867517110163,37.486739329577425
486,구파발,서울3호선,58.766667,126.91881730019298,37.63639757222915
560,미아,서울4호선,58.933333,127.02618198046385,37.62636094653018
409,성균관대,서울1호선,58.966667,126.97111617206218,37.30031469646502
467,신정네거리,서울2호선,58.966667,126.85291351093805,37.520192023600785
126,청량리,경춘선,59.25,127.04829370607256,37.580797237299414
91,홍대입구,경의중앙선,59.3,126.92711676704472,37.55749659897202
179,둔전,용인경전철,59.3,127.21361954461665,37.26720607366618
466,까치산,서울2호선,59.383333,126.84688932629948,37.53139310583104
107,양원,경의중앙선,59.416667,127.10814764606555,37.606641053033485
418,금천구청,서울1호선,59.466667,126.89363501880827,37.45612399557803
532,금정,서울4호선,59.7,126.9433540751319,37.37265770582086
663,봉화산,서울6호선,59.75,127.09175060927113,37.61714681111189
714,마들,서울7호선,59.75,127.05760212496052,37.66541488039195
745,신방화,서울9호선,59.8,126.81694853560049,37.567544508753876
635,월드컵경기장,서울6호선,59.883333,126.89906444681453,37.569592247612064
627,불광,서울6호선,59.933333,126.9292376904709,37.61080604020588
338,온수,서울1호선,59.966667,126.82389330619179,37.49244945064322